{
  "status":true,
  "code":200,
  "notices":[
    {
      "id":"1",
      "title":"关于2023年度河南省高等学校哲学社会科学创新人才支持计划拟推荐结果的公示关于2023年度河南省高等学校哲学社会科学创新人才支持计划拟推荐结果的公示",
      "gmt_create":"2022-03-25 13:35:27",
      "publisher":"中原工学院",
      "text":"根据《河南省高等学校哲学社会科学创新人才支持计划实施办法》和河南省教育厅政策要求，经个人申报、院部推荐、社会科学处审核，现将推荐结果公示如下（见附件）。\n公示期2022年3月22日-2022年3月25日，公示期间任何单位或者个人对公示结果有异议的，请以书面形式向社会科学处/纪委提出，异议应当签署真实姓名，并注明联系方式。凡匿名异议和超出期限的异议一般不予受理。 "
    },
    {
      "id":"2",
      "title":"关于2023年度河南省高校人文社会科学研究一般项目拟推荐结果的公示",
      "publisher":"中原工学院",
      "gmt_create":"2022-03-25 13:35:27",
      "text":"根据河南省教育厅《关于2023年度人文社会科学研究一般项目申报工作的通知》以及河南省教育厅政策要求，我校社会科学处组织专家对本次申报项目进行评审，根据择优推荐的原则，现将结果公示如下（见附件）。\n公示期为3天，自2022年3月15日9:00点—2022年3月18日9:00点，公示期间任何部门或者个人对公示推荐项目结果有异议的，请实名向社会科学处/纪委提出，匿名异议不予受理。"
    },
    {
      "id":"3",
      "title":"关于河南省青年科技奖候选人推荐结果的公示",
      "publisher":"中原工学院",
      "gmt_create":"2022-03-25 13:35:27",
      "text":"按照《关于开展河南省青年科技奖候选人推荐工作的通知》要求，经学校组织、个人申报、专家评审，根据择优推荐原则，拟推荐黄超老师作为河南省青年科技奖候选人，现将拟推荐结果进行公示，公示期为2022年3月8日至2022年3月10日。\n公示期内，如有异议，请以书面形式向科技处/纪委反映，并提供证明材料。匿名或逾期反映，不予受理。  "
    },

    {
      "id":"4",
      "title":"中原工学院领导班子2021年度工作总结及领导干部述职述廉述学报告",
      "publisher":"中原工学院",
      "gmt_create":"2022-03-25 13:35:27",
      "text":"2021年是建党100周年，是全面建设社会主义现代化国家新征程的开启之年，也是我校谋划“十四五”、奋进新时代的关键之年。学校领导班子全面贯彻党的教育方针，落实立德树人根本任务，强化内涵建设，党的建设和事业发展迈上新台阶、取得新突破。现总结报告如下"
    },
    {
      "id":"5",
      "title":"中原工学院领导班子2021年度工作总结及领导干部述职述廉述学报告",
      "publisher":"中原工学院",
      "gmt_create":"2022-03-25 13:35:27",
      "text":"2021年是建党100周年，是全面建设社会主义现代化国家新征程的开启之年，也是我校谋划“十四五”、奋进新时代的关键之年。学校领导班子全面贯彻党的教育方针，落实立德树人根本任务，强化内涵建设，党的建设和事业发展迈上新台阶、取得新突破。现总结报告如下"
    }
  ]
}