{
    "status":true,
    "code":200,
    "data":[
        {
            "r_id":"0001", 
            "type":"智慧教室",
            "area":"中原校区亚太楼四楼417",
            "capacity":50,
            "functions":"教学",
            "states":1

        },
        {
            "r_id":"0002", 
            "type":"智慧教室",
            "area":"中原校区亚太楼四楼417",
            "capacity":50,
            "functions":"讲座",
            "states":0
        },
        {
            "r_id":"0003", 
            "type":"研讨教室",
            "area":"中原校区亚太楼四楼417",
            "capacity":50,
            "functions":"活动",
            "states":-1
        },
        {
            "r_id":"0004", 
            "type":"智慧教室",
            "area":"中原校区亚太楼四楼417",
            "capacity":50,
            "functions":"讲座",
            "states":-2
        },
        {
            "r_id":"0005", 
            "type":"投影教室",
            "area":"中原校区亚太楼四楼417",
            "capacity":50,
            "functions":"直播、直播",
            "states":-2
        },
        {
            "r_id":"0007", 
            "type":"录播室",
            "area":"中原校区亚太楼四楼417",
            "capacity":50,
            "functions":"录播、直播、直播",
            "states":1
        },
        {
            "r_id":"0008", 
            "type":"智慧教室",
            "area":"中原校区亚太楼四楼417",
            "capacity":50,
            "functions":"教学、会议",
            "states":1
        },
        {
            "r_id":"0009", 
            "type":"录播室",
            "capacity":50,
            "area":"中原校区亚太楼四楼417",
            "functions":"会议",
            "states":0
        },
        {
            "r_id":"0010", 
            "type":"智慧教室",
            "area":"中原校区亚太楼四楼417",
            "capacity":50,
            "functions":"教学",
            "states":0
        },        
        {
            "r_id":"0001", 
            "type":"智慧教室",
            "area":"中原校区亚太楼四楼417",
            "capacity":50,
            "functions":"教学",
            "states":1

        },
        {
            "r_id":"0002", 
            "type":"智慧教室",
            "area":"中原校区亚太楼四楼417",
            "capacity":50,
            "functions":"讲座",
            "states":0
        },
        {
            "r_id":"0003", 
            "type":"研讨教室",
            "area":"中原校区亚太楼四楼417",
            "capacity":50,
            "functions":"活动",
            "states":-1
        },
        {
            "r_id":"0004", 
            "type":"智慧教室",
            "area":"中原校区亚太楼四楼417",
            "capacity":50,
            "functions":"讲座",
            "states":-2
        },
        {
            "r_id":"0005", 
            "type":"投影教室",
            "area":"中原校区亚太楼四楼417",
            "capacity":50,
            "functions":"直播、直播",
            "states":-2
        },
        {
            "r_id":"0007", 
            "type":"录播室",
            "area":"中原校区亚太楼四楼417",
            "capacity":50,
            "functions":"录播、直播、直播",
            "states":1
        },
        {
            "r_id":"0008", 
            "type":"智慧教室",
            "area":"中原校区亚太楼四楼417",
            "capacity":50,
            "functions":"教学、会议",
            "states":1
        },
        {
            "r_id":"0009", 
            "type":"录播室",
            "capacity":50,
            "area":"中原校区亚太楼四楼417",
            "functions":"会议",
            "states":0
        },
        {
            "r_id":"0010", 
            "type":"智慧教室",
            "area":"中原校区亚太楼四楼417",
            "capacity":50,
            "functions":"教学",
            "states":0
        }
    ]
}